{"accuracy": 0.7192636907501151, "recall": 0.6073363960914276, "precision": 0.9365061958548087, "f1_score": 0.7368293903470173}